record_id,citation,rna_target_name,rna_class,rna_target_sequence,smiles,recruiter_kind,dc50_nM,dmax_percent,cell_line,note
ribotac_costales_2020_premir21,https://doi.org/10.1073/pnas.1914286117,pre-miR-21,pre_mirna,GGGUUGACUGUUGAAUCUCAUGGCAACCC,PLACEHOLDER_TGP_21_RIBOTAC,2-5A4-mimic,500,75,MDA-MB-231,"Costales et al. PNAS 2020. First in-vivo RIBOTAC; bisbenzimidazole binder + 2-5A4 mimic recruiter; mouse metastasis model"
ribotac_haniff_2020_sars2_fse,https://doi.org/10.1021/acscentsci.0c00984,SARS-CoV-2_FSE,viral_rna,UUUAAACGGGUUUGCGGUGUAAGUGCAGCCCGUCUUACA,PLACEHOLDER_C5_RIBOTAC,2-5A4-mimic,,,Vero E6,"Haniff Tong Disney ACS Cent Sci 2020. SARS-CoV-2 frameshift element RIBOTAC C5; -50% RNA cleavage in cell"
ribotac_liu_2020_premir21_fragments,https://doi.org/10.1073/pnas.2012217117,pre-miR-21,pre_mirna,GGGUUGACUGUUGAAUCUCAUGGCAACCC,PLACEHOLDER_FRAGMENT_PROBE,2-5A4-mimic,,,MCF-10A,"Liu et al. PNAS 2020. Chem-CLIP-Frag-Map approach; bisbenzimidazole + benzamidine fragment-derived RIBOTAC for pre-miR-21"
ribotac_tong_2023_pre_miR_155,https://doi.org/10.1038/s41586-023-06091-8,pre-miR-155,pre_mirna,UUAAUGCUAAUUGUGAUAGGGGUUUUGGCCUCUGACUGAC,PLACEHOLDER_PREMIR155_RIBOTAC,2-5A4-mimic,,,U937,"Tong et al. Nature 2023. Programming inactive RNA binders into RIBOTACs"
ribotac_tong_2023_jun_mrna,https://doi.org/10.1038/s41586-023-06091-8,JUN_mRNA_5UTR,5_utr,PLACEHOLDER_JUN_5UTR,PLACEHOLDER_JUN_RIBOTAC,2-5A4-mimic,,,MDA-MB-231,"Tong et al. Nature 2023. JUN mRNA RIBOTAC; oncogenic mRNA degradation"
ribotac_tong_2023_myc_mrna,https://doi.org/10.1038/s41586-023-06091-8,MYC_mRNA,5_utr,PLACEHOLDER_MYC_IRES,PLACEHOLDER_MYC_RIBOTAC,2-5A4-mimic,,,LNCaP,"Tong et al. Nature 2023. MYC mRNA RIBOTAC paired with IRES-binding scaffold"
ribotac_zhang_2025_taribotac_premir21,https://doi.org/10.1038/s41467-025-56691-3,pre-miR-21,pre_mirna,GGGUUGACUGUUGAAUCUCAUGGCAACCC,PLACEHOLDER_TARIBOTAC,2-5A4-mimic_PhB-caged,,,A549,"Zhang et al. Nat Commun 2025. TaRiboTAC = TME-activated; phenylboronic acid cage cleaved by H2O2 + acidic pH; IR780 + RGD targeting"
ribotac_review_velagapudi_2021,https://doi.org/10.1021/acsmedchemlett.1c00576,various,other,,,review,,,,"Velagapudi & Disney ACS Med Chem Lett 2021. RIBOTAC overview (cite for compound list)"
ribotac_review_disney_2022,https://doi.org/10.1038/s41573-022-00521-4,various,other,,,review,,,,"Disney et al. Nat Rev Drug Discov 2022. Targeting RNA structures with small molecules; comprehensive RIBOTAC catalog"
